backend,workers,n,trial,matrix_fingerprint,checked_seconds,left_residual_inf,right_residual_inf,relative_residual
threads,4,512,0,20927db6a259e8e7,0.43379820800000002,5.9326310308300719e-15,1.0065532633146436e-14,1.3283658576573139e-15
threads,4,512,1,20927db6a259e8e7,0.46974654199999999,5.9326310308300719e-15,1.0065532633146436e-14,1.3283658576573139e-15
threads,4,512,2,20927db6a259e8e7,0.43736091700000002,5.9326310308300719e-15,1.0065532633146436e-14,1.3283658576573139e-15
threads,4,512,3,20927db6a259e8e7,0.42977329199999997,5.9326310308300719e-15,1.0065532633146436e-14,1.3283658576573139e-15
threads,4,512,4,20927db6a259e8e7,0.45436112499999998,5.9326310308300719e-15,1.0065532633146436e-14,1.3283658576573139e-15
mpi,1,512,0,20927db6a259e8e7,0.30002600000000257,5.9326310308300719e-15,1.0065532633146436e-14,1.3283658576573139e-15
mpi,1,512,1,20927db6a259e8e7,0.29247099999997772,5.9326310308300719e-15,1.0065532633146436e-14,1.3283658576573139e-15
mpi,1,512,2,20927db6a259e8e7,0.289421999999945,5.9326310308300719e-15,1.0065532633146436e-14,1.3283658576573139e-15
mpi,1,512,3,20927db6a259e8e7,0.28916500000002543,5.9326310308300719e-15,1.0065532633146436e-14,1.3283658576573139e-15
mpi,1,512,4,20927db6a259e8e7,0.28898600000002261,5.9326310308300719e-15,1.0065532633146436e-14,1.3283658576573139e-15
serial,1,128,0,4a8c56f6abba9cca,0.012098584000000001,2.6822522581530314e-15,3.2452498923619368e-15,5.5365724049557811e-16
serial,1,128,1,4a8c56f6abba9cca,0.011844749999999999,2.6822522581530314e-15,3.2452498923619368e-15,5.5365724049557811e-16
serial,1,128,2,4a8c56f6abba9cca,0.011829542,2.6822522581530314e-15,3.2452498923619368e-15,5.5365724049557811e-16
serial,1,128,3,4a8c56f6abba9cca,0.011847791,2.6822522581530314e-15,3.2452498923619368e-15,5.5365724049557811e-16
serial,1,128,4,4a8c56f6abba9cca,0.011793833,2.6822522581530314e-15,3.2452498923619368e-15,5.5365724049557811e-16
mpi,2,128,0,4a8c56f6abba9cca,0.0098850000000538785,2.6822522581530314e-15,3.2452498923619368e-15,5.5365724049557811e-16
mpi,2,128,1,4a8c56f6abba9cca,0.010344999999915672,2.6822522581530314e-15,3.2452498923619368e-15,5.5365724049557811e-16
mpi,2,128,2,4a8c56f6abba9cca,0.0079340000000911459,2.6822522581530314e-15,3.2452498923619368e-15,5.5365724049557811e-16
mpi,2,128,3,4a8c56f6abba9cca,0.005992999999989479,2.6822522581530314e-15,3.2452498923619368e-15,5.5365724049557811e-16
mpi,2,128,4,4a8c56f6abba9cca,0.0059489999999868814,2.6822522581530314e-15,3.2452498923619368e-15,5.5365724049557811e-16
mpi,1,256,0,5ac92de7656321a6,0.014144999999984975,4.19683035621675e-15,7.8927003585152642e-15,9.0349795128331948e-16
mpi,1,256,1,5ac92de7656321a6,0.014128000000027896,4.19683035621675e-15,7.8927003585152642e-15,9.0349795128331948e-16
mpi,1,256,2,5ac92de7656321a6,0.014167000000043117,4.19683035621675e-15,7.8927003585152642e-15,9.0349795128331948e-16
mpi,1,256,3,5ac92de7656321a6,0.021667999999976928,4.19683035621675e-15,7.8927003585152642e-15,9.0349795128331948e-16
mpi,1,256,4,5ac92de7656321a6,0.014111999999954605,4.19683035621675e-15,7.8927003585152642e-15,9.0349795128331948e-16
threads,2,256,0,5ac92de7656321a6,0.072622875000000003,4.19683035621675e-15,7.8927003585152642e-15,9.0349795128331948e-16
threads,2,256,1,5ac92de7656321a6,0.072260540999999998,4.19683035621675e-15,7.8927003585152642e-15,9.0349795128331948e-16
threads,2,256,2,5ac92de7656321a6,0.072570499999999996,4.19683035621675e-15,7.8927003585152642e-15,9.0349795128331948e-16
threads,2,256,3,5ac92de7656321a6,0.072568167000000003,4.19683035621675e-15,7.8927003585152642e-15,9.0349795128331948e-16
threads,2,256,4,5ac92de7656321a6,0.072923040999999994,4.19683035621675e-15,7.8927003585152642e-15,9.0349795128331948e-16
mpi,4,32,0,7cdb08a52e73a421,0.0052150000000210639,1.4214038224543181e-15,1.297546128469757e-15,2.5937918687220165e-16
mpi,4,32,1,7cdb08a52e73a421,0.0047270000000025902,1.4214038224543181e-15,1.297546128469757e-15,2.5937918687220165e-16
mpi,4,32,2,7cdb08a52e73a421,0.0043100000000322325,1.4214038224543181e-15,1.297546128469757e-15,2.5937918687220165e-16
mpi,4,32,3,7cdb08a52e73a421,0.0042589999999336214,1.4214038224543181e-15,1.297546128469757e-15,2.5937918687220165e-16
mpi,4,32,4,7cdb08a52e73a421,0.0035599999999931242,1.4214038224543181e-15,1.297546128469757e-15,2.5937918687220165e-16
mpi,4,256,0,5ac92de7656321a6,0.023485999999934393,4.19683035621675e-15,7.8927003585152642e-15,9.0349795128331948e-16
mpi,4,256,1,5ac92de7656321a6,0.023054000000001906,4.19683035621675e-15,7.8927003585152642e-15,9.0349795128331948e-16
mpi,4,256,2,5ac92de7656321a6,0.02312199999994391,4.19683035621675e-15,7.8927003585152642e-15,9.0349795128331948e-16
mpi,4,256,3,5ac92de7656321a6,0.023052000000006956,4.19683035621675e-15,7.8927003585152642e-15,9.0349795128331948e-16
mpi,4,256,4,5ac92de7656321a6,0.023520999999959713,4.19683035621675e-15,7.8927003585152642e-15,9.0349795128331948e-16
serial,1,32,0,7cdb08a52e73a421,3.9625000000000001e-05,1.4214038224543181e-15,1.297546128469757e-15,2.5937918687220165e-16
serial,1,32,1,7cdb08a52e73a421,4.1916999999999999e-05,1.4214038224543181e-15,1.297546128469757e-15,2.5937918687220165e-16
serial,1,32,2,7cdb08a52e73a421,3.9249999999999999e-05,1.4214038224543181e-15,1.297546128469757e-15,2.5937918687220165e-16
serial,1,32,3,7cdb08a52e73a421,3.8834000000000001e-05,1.4214038224543181e-15,1.297546128469757e-15,2.5937918687220165e-16
serial,1,32,4,7cdb08a52e73a421,3.8958000000000002e-05,1.4214038224543181e-15,1.297546128469757e-15,2.5937918687220165e-16
mpi,4,512,0,20927db6a259e8e7,0.08292000000005828,5.9326310308300719e-15,1.0065532633146436e-14,1.3283658576573139e-15
mpi,4,512,1,20927db6a259e8e7,0.084453999999936968,5.9326310308300719e-15,1.0065532633146436e-14,1.3283658576573139e-15
mpi,4,512,2,20927db6a259e8e7,0.086444000000028609,5.9326310308300719e-15,1.0065532633146436e-14,1.3283658576573139e-15
mpi,4,512,3,20927db6a259e8e7,0.086694999999963329,5.9326310308300719e-15,1.0065532633146436e-14,1.3283658576573139e-15
mpi,4,512,4,20927db6a259e8e7,0.081735999999978048,5.9326310308300719e-15,1.0065532633146436e-14,1.3283658576573139e-15
mpi,2,512,0,20927db6a259e8e7,0.088703000000009524,5.9326310308300719e-15,1.0065532633146436e-14,1.3283658576573139e-15
mpi,2,512,1,20927db6a259e8e7,0.089403000000061184,5.9326310308300719e-15,1.0065532633146436e-14,1.3283658576573139e-15
mpi,2,512,2,20927db6a259e8e7,0.086848000000031789,5.9326310308300719e-15,1.0065532633146436e-14,1.3283658576573139e-15
mpi,2,512,3,20927db6a259e8e7,0.086411999999995714,5.9326310308300719e-15,1.0065532633146436e-14,1.3283658576573139e-15
mpi,2,512,4,20927db6a259e8e7,0.0980850000000828,5.9326310308300719e-15,1.0065532633146436e-14,1.3283658576573139e-15
threads,2,32,0,7cdb08a52e73a421,0.00032650000000000002,1.4214038224543181e-15,1.297546128469757e-15,2.5937918687220165e-16
threads,2,32,1,7cdb08a52e73a421,0.00029674999999999998,1.4214038224543181e-15,1.297546128469757e-15,2.5937918687220165e-16
threads,2,32,2,7cdb08a52e73a421,0.00039391699999999998,1.4214038224543181e-15,1.297546128469757e-15,2.5937918687220165e-16
threads,2,32,3,7cdb08a52e73a421,0.00040216699999999999,1.4214038224543181e-15,1.297546128469757e-15,2.5937918687220165e-16
threads,2,32,4,7cdb08a52e73a421,0.00035183399999999998,1.4214038224543181e-15,1.297546128469757e-15,2.5937918687220165e-16
serial,1,256,0,5ac92de7656321a6,0.13183066600000001,4.19683035621675e-15,7.8927003585152642e-15,9.0349795128331948e-16
serial,1,256,1,5ac92de7656321a6,0.128883583,4.19683035621675e-15,7.8927003585152642e-15,9.0349795128331948e-16
serial,1,256,2,5ac92de7656321a6,0.15338637499999999,4.19683035621675e-15,7.8927003585152642e-15,9.0349795128331948e-16
serial,1,256,3,5ac92de7656321a6,0.21352970800000001,4.19683035621675e-15,7.8927003585152642e-15,9.0349795128331948e-16
serial,1,256,4,5ac92de7656321a6,0.12980941700000001,4.19683035621675e-15,7.8927003585152642e-15,9.0349795128331948e-16
threads,4,256,0,5ac92de7656321a6,0.050561250000000002,4.19683035621675e-15,7.8927003585152642e-15,9.0349795128331948e-16
threads,4,256,1,5ac92de7656321a6,0.061522541,4.19683035621675e-15,7.8927003585152642e-15,9.0349795128331948e-16
threads,4,256,2,5ac92de7656321a6,0.050785917,4.19683035621675e-15,7.8927003585152642e-15,9.0349795128331948e-16
threads,4,256,3,5ac92de7656321a6,0.050086875000000003,4.19683035621675e-15,7.8927003585152642e-15,9.0349795128331948e-16
threads,4,256,4,5ac92de7656321a6,0.049597374999999999,4.19683035621675e-15,7.8927003585152642e-15,9.0349795128331948e-16
mpi,2,256,0,5ac92de7656321a6,0.021757000000093285,4.19683035621675e-15,7.8927003585152642e-15,9.0349795128331948e-16
mpi,2,256,1,5ac92de7656321a6,0.019718000000011671,4.19683035621675e-15,7.8927003585152642e-15,9.0349795128331948e-16
mpi,2,256,2,5ac92de7656321a6,0.027425999999991291,4.19683035621675e-15,7.8927003585152642e-15,9.0349795128331948e-16
mpi,2,256,3,5ac92de7656321a6,0.0364039999999477,4.19683035621675e-15,7.8927003585152642e-15,9.0349795128331948e-16
mpi,2,256,4,5ac92de7656321a6,0.029051999999978761,4.19683035621675e-15,7.8927003585152642e-15,9.0349795128331948e-16
mpi,2,32,0,7cdb08a52e73a421,0.0011450000000650107,1.4214038224543181e-15,1.297546128469757e-15,2.5937918687220165e-16
mpi,2,32,1,7cdb08a52e73a421,0.0012930000000324071,1.4214038224543181e-15,1.297546128469757e-15,2.5937918687220165e-16
mpi,2,32,2,7cdb08a52e73a421,0.0013619999999718857,1.4214038224543181e-15,1.297546128469757e-15,2.5937918687220165e-16
mpi,2,32,3,7cdb08a52e73a421,0.0016650000000026921,1.4214038224543181e-15,1.297546128469757e-15,2.5937918687220165e-16
mpi,2,32,4,7cdb08a52e73a421,0.0016120000000228174,1.4214038224543181e-15,1.297546128469757e-15,2.5937918687220165e-16
threads,4,128,0,4a8c56f6abba9cca,0.01390775,2.6822522581530314e-15,3.2452498923619368e-15,5.5365724049557811e-16
threads,4,128,1,4a8c56f6abba9cca,0.011401625,2.6822522581530314e-15,3.2452498923619368e-15,5.5365724049557811e-16
threads,4,128,2,4a8c56f6abba9cca,0.014481166,2.6822522581530314e-15,3.2452498923619368e-15,5.5365724049557811e-16
threads,4,128,3,4a8c56f6abba9cca,0.010787290999999999,2.6822522581530314e-15,3.2452498923619368e-15,5.5365724049557811e-16
threads,4,128,4,4a8c56f6abba9cca,0.011194915999999999,2.6822522581530314e-15,3.2452498923619368e-15,5.5365724049557811e-16
mpi,1,32,0,7cdb08a52e73a421,3.6000000022795575e-05,1.4214038224543181e-15,1.297546128469757e-15,2.5937918687220165e-16
mpi,1,32,1,7cdb08a52e73a421,3.5000000025320332e-05,1.4214038224543181e-15,1.297546128469757e-15,2.5937918687220165e-16
mpi,1,32,2,7cdb08a52e73a421,3.400000002784509e-05,1.4214038224543181e-15,1.297546128469757e-15,2.5937918687220165e-16
mpi,1,32,3,7cdb08a52e73a421,3.3999999914158252e-05,1.4214038224543181e-15,1.297546128469757e-15,2.5937918687220165e-16
mpi,1,32,4,7cdb08a52e73a421,3.4999999911633495e-05,1.4214038224543181e-15,1.297546128469757e-15,2.5937918687220165e-16
serial,1,512,0,20927db6a259e8e7,0.98446325000000001,5.9326310308300719e-15,1.0065532633146436e-14,1.3283658576573139e-15
serial,1,512,1,20927db6a259e8e7,0.99682529200000003,5.9326310308300719e-15,1.0065532633146436e-14,1.3283658576573139e-15
serial,1,512,2,20927db6a259e8e7,1.075503417,5.9326310308300719e-15,1.0065532633146436e-14,1.3283658576573139e-15
serial,1,512,3,20927db6a259e8e7,1.1368172919999999,5.9326310308300719e-15,1.0065532633146436e-14,1.3283658576573139e-15
serial,1,512,4,20927db6a259e8e7,1.010337083,5.9326310308300719e-15,1.0065532633146436e-14,1.3283658576573139e-15
threads,2,512,0,20927db6a259e8e7,0.66086308400000005,5.9326310308300719e-15,1.0065532633146436e-14,1.3283658576573139e-15
threads,2,512,1,20927db6a259e8e7,0.64997337499999996,5.9326310308300719e-15,1.0065532633146436e-14,1.3283658576573139e-15
threads,2,512,2,20927db6a259e8e7,0.69866483300000004,5.9326310308300719e-15,1.0065532633146436e-14,1.3283658576573139e-15
threads,2,512,3,20927db6a259e8e7,0.838977792,5.9326310308300719e-15,1.0065532633146436e-14,1.3283658576573139e-15
threads,2,512,4,20927db6a259e8e7,0.65962533300000004,5.9326310308300719e-15,1.0065532633146436e-14,1.3283658576573139e-15
mpi,1,128,0,4a8c56f6abba9cca,0.0018340000000307555,2.6822522581530314e-15,3.2452498923619368e-15,5.5365724049557811e-16
mpi,1,128,1,4a8c56f6abba9cca,0.0018749999999272404,2.6822522581530314e-15,3.2452498923619368e-15,5.5365724049557811e-16
mpi,1,128,2,4a8c56f6abba9cca,0.001822999999944841,2.6822522581530314e-15,3.2452498923619368e-15,5.5365724049557811e-16
mpi,1,128,3,4a8c56f6abba9cca,0.0019690000000309738,2.6822522581530314e-15,3.2452498923619368e-15,5.5365724049557811e-16
mpi,1,128,4,4a8c56f6abba9cca,0.0018300000000408545,2.6822522581530314e-15,3.2452498923619368e-15,5.5365724049557811e-16
threads,4,32,0,7cdb08a52e73a421,0.00080541599999999999,1.4214038224543181e-15,1.297546128469757e-15,2.5937918687220165e-16
threads,4,32,1,7cdb08a52e73a421,0.00055666600000000004,1.4214038224543181e-15,1.297546128469757e-15,2.5937918687220165e-16
threads,4,32,2,7cdb08a52e73a421,0.000476625,1.4214038224543181e-15,1.297546128469757e-15,2.5937918687220165e-16
threads,4,32,3,7cdb08a52e73a421,0.000408916,1.4214038224543181e-15,1.297546128469757e-15,2.5937918687220165e-16
threads,4,32,4,7cdb08a52e73a421,0.00043883399999999998,1.4214038224543181e-15,1.297546128469757e-15,2.5937918687220165e-16
mpi,4,128,0,4a8c56f6abba9cca,0.014808000000016364,2.6822522581530314e-15,3.2452498923619368e-15,5.5365724049557811e-16
mpi,4,128,1,4a8c56f6abba9cca,0.012794999999982792,2.6822522581530314e-15,3.2452498923619368e-15,5.5365724049557811e-16
mpi,4,128,2,4a8c56f6abba9cca,0.0092420000000856817,2.6822522581530314e-15,3.2452498923619368e-15,5.5365724049557811e-16
mpi,4,128,3,4a8c56f6abba9cca,0.009306000000037784,2.6822522581530314e-15,3.2452498923619368e-15,5.5365724049557811e-16
mpi,4,128,4,4a8c56f6abba9cca,0.0097210000000131913,2.6822522581530314e-15,3.2452498923619368e-15,5.5365724049557811e-16
threads,2,128,0,4a8c56f6abba9cca,0.010671541999999999,2.6822522581530314e-15,3.2452498923619368e-15,5.5365724049557811e-16
threads,2,128,1,4a8c56f6abba9cca,0.011312917,2.6822522581530314e-15,3.2452498923619368e-15,5.5365724049557811e-16
threads,2,128,2,4a8c56f6abba9cca,0.011341542,2.6822522581530314e-15,3.2452498923619368e-15,5.5365724049557811e-16
threads,2,128,3,4a8c56f6abba9cca,0.012678083,2.6822522581530314e-15,3.2452498923619368e-15,5.5365724049557811e-16
threads,2,128,4,4a8c56f6abba9cca,0.011181375,2.6822522581530314e-15,3.2452498923619368e-15,5.5365724049557811e-16
