size,threads,trial,seconds,residual_inf
16,1,0,8.542e-06,5.181131565e-16
16,1,1,7.333e-06,5.181131565e-16
16,1,2,6.417e-06,5.181131565e-16
16,2,0,0.000141042,5.181131565e-16
16,2,1,0.000152292,5.181131565e-16
16,2,2,0.000122,5.181131565e-16
16,4,0,0.000336375,5.181131565e-16
16,4,1,0.000310916,5.181131565e-16
16,4,2,0.000326208,5.181131565e-16
64,1,0,0.000288541,2.025034931e-15
64,1,1,0.000283292,2.025034931e-15
64,1,2,0.000284416,2.025034931e-15
64,2,0,0.0011255,2.025034931e-15
64,2,1,0.001102959,2.025034931e-15
64,2,2,0.000851708,2.025034931e-15
64,4,0,0.00136775,2.025034931e-15
64,4,1,0.001704292,2.025034931e-15
64,4,2,0.001515875,2.025034931e-15
128,1,0,0.012350875,2.50323094e-15
128,1,1,0.011939708,2.50323094e-15
128,1,2,0.011918291,2.50323094e-15
128,2,0,0.010999709,2.50323094e-15
128,2,1,0.010116125,2.50323094e-15
128,2,2,0.01106825,2.50323094e-15
128,4,0,0.008826125,2.50323094e-15
128,4,1,0.009563583,2.50323094e-15
128,4,2,0.008951667,2.50323094e-15
