n,ranks,median_elimination_seconds,median_distributed_seconds
64,1,0.00016700000014679972,0.00017699999989417847
128,1,0.0015170000001489825,0.0015450000000782893
256,1,0.012335999999777414,0.012571999999636319
512,1,0.2603249999997388,0.26139899999998306
64,2,0.00514500000008411,0.005308000000241009
128,2,0.004824000000098749,0.004922000000078697
256,2,0.016611999999895488,0.016939999999976862
512,2,0.07004200000028504,0.07132799999999406
64,4,0.004320999999890773,0.0044629999997596315
128,4,0.008548000000246248,0.008716000000276836
256,4,0.020723999999972875,0.021128999999746156
512,4,0.06348099999968326,0.06502199999977165
